"Time","Vm1:Measured voltage"
0,0
4.0402548057018539e-21,4.0402548057018372e-13
2.0547608999593812e-09,0.20505462151083828
2.0547608999631532e-09,0.2050546215112139
1.5833863416294251e-07,13.571692022565898
3.1448518327012458e-07,23.342954328654343
5.2544531299980923e-07,32.518620121187141
8.1286347645139333e-07,40.161289985798739
1.1885003819768758e-06,45.357706468043496
1.6710246313412377e-06,48.229768390601237
2.2910744657020175e-06,49.484616901996723
3.0327531977613178e-06,49.880188272700238
3.9683986695989871e-06,49.978587578368433
5.1912059444056643e-06,49.995180230788215
6.8590944792619984e-06,49.994915127860658
9.0010059630260315e-06,49.974069966665837
1.0478249236106334e-05,49.986540715342834
1.1955492509186637e-05,49.993013802136396
1.3734892658987504e-05,49.989003866323969
1.5701261728515496e-05,49.967488530579871
1.7464602339978053e-05,49.951642277753237
1.8912716670670909e-05,49.977463608727788
2.0294835129866532e-05,49.991721661406999
2.1916570796895753e-05,49.992631327195951
2.384801085908813e-05,49.980556804011741
2.5197901790929429e-05,49.992360579195747
2.5197901790930161e-05,-49.99236057919564
2.6778796578515067e-05,-49.99415840479967
2.8749868107462623e-05,-49.9824643876089
3.075011116063952e-05,-49.942204701745965
3.2351138756161762e-05,-49.952362467019277
3.3663412430628372e-05,-49.986163027882128
3.5070508137477267e-05,-49.994445515104829
3.6853553925659032e-05,-49.991144807733662
3.8911464963467028e-05,-49.965020600668872
4.0329752564408143e-05,-49.985380319872434
4.1748040165349258e-05,-49.993889687898609
4.3509423880237103e-05,-49.990974156874522
4.5532827840994306e-05,-49.967989341981081
4.6976646411580918e-05,-49.985315598525013
4.842046498216753e-05,-49.993263754635997
4.9999999999998579e-05,-49.994875111036507
5.0000000000000002e-05,-49.994875111036521
5.1754965701595357e-05,-49.992599904103152
5.3852155641229335e-05,-49.96702077467576
5.527885520531584e-05,-49.985789043091344
5.6705554769402346e-05,-49.993876408730827
5.847533820240989e-05,-49.990682234767966
6.0496164628645743e-05,-49.967221247231912
6.1934735028636962e-05,-49.985249868412239
6.3373305428628181e-05,-49.99336257900368
6.5127699311039064e-05,-49.990435296376013
6.7119288210087881e-05,-49.969333760609423
6.892815123784671e-05,-49.946505066436664
7.0386660347873808e-05,-49.974095463678992
7.173963394304091e-05,-49.991396417978194
7.3321884586881404e-05,-49.993387768679391
7.4415594524908645e-05,-50.00872861235559
7.4415594524910786e-05,50.008728612355519
7.6375618405197249e-05,50.025282685308639
7.8223657265762283e-05,50.050464235770121
7.9734066278816371e-05,50.029643278990257
8.1095636512504063e-05,50.010138636231304
8.2634673680768257e-05,50.006629165218563
8.4505889499222981e-05,50.014314052884977
8.6475506210004037e-05,50.042767508264539
8.814810926517301e-05,50.045904193582231
8.9531900224188333e-05,50.016961523171346
9.0938604488435831e-05,50.006799191665372
9.2650953421476821e-05,50.008430154458324
9.4641832798026304e-05,50.026967458178817
9.6497491794316542e-05,50.055241435651638
9.7987452576061678e-05,50.03006385772607
9.9327556229653651e-05,50.009561707959413
9.9999999999997159e-05,50.002520094376436
0.0001,50.002520094376422
0.00010153838264156565,50.001643734653399
0.0001040105321175783,50.020974249361792
0.00010549346665100647,50.011119852410381
0.00010697640118443463,50.005895377493438
0.00010882438356801859,50.011764906827594
0.00011084538947524344,50.041410914802931
0.0001122299107185621,50.015340646930689
0.00011361443196188076,50.005682932854093
0.000115365802576356,50.008101861724683
0.00011742131978475412,50.031766976449092
0.00011886283419553993,50.014449915390934
0.00012030434860632574,50.006572865224996
0.00012206583481490009,50.009712623500867
0.00012406038126650128,50.031435904134838
0.00012586362687940178,50.053778320388609
0.00012598925897819915,50.0387839141207
0.00012598925897820278,-50.038783914120238
0.00012734201043555763,-50.012871452056203
0.00012880195062077172,-50.006265959460471
0.00013060108554924213,-50.010567135698167
0.00013260725237351881,-50.035489795561574
0.00013437838822077082,-50.054259893379211
0.0001358005700691532,-50.023000278360726
0.00013715534224511004,-50.007685858625791
0.0001387757407090612,-50.006807488225199
0.00014073682287564363,-50.019785826180829
0.00014267909807346102,-50.054093734718627
0.00014425098302794128,-50.039994850539678
0.000145585114792185,-50.012470554923262
0.00014703910073426393,-50.005938784400556
0.000148850818565207,-50.010462774253831
0.00014999999999999576,-50.002022178652098
0.00015000000000000001,-50.002022178652084
0.00015202527141664276,-50.007214038953421
0.00015386027863365569,-50.013771686808809
0.00015569528585066862,-50.026290315145822
0.00015740304490136656,-50.032061520343071
0.00015892284891554092,-50.019507026325364
0.00016041226159161696,-50.010594573447591
0.00016206262124804496,-50.010481306230886
0.00016389609744188807,-50.019904132200097
0.00016569997241474516,-50.03412515121439
0.00016729134408567886,-50.0271341484763
0.00016875126365537539,-50.013208184843172
0.00017030110402044003,-50.008992670403529
0.00017207392476661373,-50.013830607522657
0.00017363693494080798,-50.025051726976926
0.00017363693494081291,50.025051726977267
0.0001753371870638156,50.029733176354078
0.00017687290034936593,50.019200620435058
0.00017838239737203495,50.011240270566717
0.00018003445096280061,50.011189565223262
0.00018184604553607268,50.019705029255199
0.0001836303353764629,50.031551863079351
0.00018522801753398499,50.025684710810644
0.00018671003516076122,50.013570792901994
0.00018827327390833173,50.009714585185627
0.00019003403626903287,50.014318385595452
0.00019187880418520178,50.028262309809953
0.00019357169216035699,50.032660346215714
0.00019507193425062906,50.018469786708621
0.00019655893380842205,50.009941428866512
0.00019822785733395623,50.01052801900218
0.00019999999999999432,50.016153338520972
0.00020000000000000001,50.016153338520787
0.00020185342613225914,50.032839039494029
0.00020350457204841566,50.032582010015034
0.0002049666777948544,50.015988801486564
0.00020646047791420669,50.008827016487473
0.00020817700303943362,50.011110247859079
0.00021006585645202868,50.025455088699111
0.00021183918972691608,50.039220288554105
0.00021335877670021193,50.023843224084331
0.00021478938159982111,50.01042139417585
0.00021638486451269057,50.008414323030081
0.00021823486842874839,50.016907840863816
0.0002201166962570536,50.037836209142881
0.00022174829944446092,50.034930893220888
0.0002231724294739108,50.014911987928514
0.00022465163405844532,50.007796887435276
0.00022639498147356108,50.010802898929633
0.00022677961654364692,49.990950917275399
0.00022677961654365343,-49.990950917275008
0.00022855565036610949,-49.985924403892
0.00023042393250993911,-49.969906808011636
0.00023211871084165739,-49.964984572364763
0.00023359995173529368,-49.981552617561555
0.00023506936673467119,-49.99069897182541
0.00023674184316709818,-49.990021425684276
0.00023861943418844586,-49.977985834267493
0.00024043326948663415,-49.960930717585391
0.00024199135494786547,-49.972566431441336
0.00024341725711173284,-49.988212940075108
0.00024496939460045403,-49.991905587493534
0.00024678260143102209,-49.985665787153955
0.00024868596462184113,-49.965529070594862
0.0002499999999999929,-49.989931106106731
0.00025000000000000001,-49.989931106106873
0.00025168286127282371,-49.98878066248345
0.00025352893995020045,-49.977755433636318
0.00025530622734656422,-49.965246390236501
0.0002568667290572465,-49.975375199525701
0.00025832603582801587,-49.988040418555954
0.00025990635316357755,-49.990874621460847
0.00026170896313789342,-49.984423410554918
0.0002635691843486093,-49.967594164935896
0.00026523127328894616,-49.966530064999233
0.00026669562171876128,-49.983438579643405
0.00026818105231276652,-49.991137702521598
0.00026988706458982688,-49.989260222765338
0.00027177642335398142,-49.975352048016575
0.00027285958938935543,-50.013363508348391
0.00027285958938936324,50.013363508347638
0.00027438717411482874,50.008370982002361
0.0002761600149280073,50.012875368639016
0.00027805823502386639,50.030436939009526
0.00027977847034113676,50.038824438553512
0.00028125253942864624,50.019916015335994
0.00028269302542591201,50.009025144817322
0.00028434521586136261,50.00898895184293
0.00028623807990564522,50.020873059915978
0.00028808745043210646,50.041852161184487
0.00028965670534798955,50.030641226712405
0.00029106147204393114,50.012197770380233
0.00029258315460916338,50.00747378957491
0.00029438978484494581,50.012936847409414
0.00029632501870292301,50.034563100590525
0.00029803747728623383,50.042870896221409
0.00029947567081839519,50.019264896346016
0.00029999999999999152,50.006762387188935
0.00030000000000000003,50.006762387188822
0.00030141767199796796,50.002820058850361
0.00030347334909182507,50.011062788819082
0.00030518245046538107,50.013556790294466
0.00030689155183893707,50.016613040897248
0.0003086263791769039,50.022328786516347
0.00031028775721144417,50.0230019801539
0.00031186546909466468,50.017381029202838
0.00031344748274110432,50.013346276092506
0.00031511993174533772,50.014317069294961
0.0003168667044177313,50.020080237636364
0.00031857618972568654,50.024641247528798
0.00032017986694188956,50.020511599019699
0.00032173602972107731,50.014299535127016
0.00032335838016974328,50.012757247366999
0.00032509011799466172,50.01695800203084
0.00032684215052173493,50.024233028094926
0.0003275681759252817,49.984253235686133
0.00032756817592529102,-49.98425323568614
0.00032912181628491573,-49.989125380736297
0.00033083270400844397,-49.986587657119827
0.00033264540504403245,-49.976289938096023
0.00033436600356455035,-49.969716664564089
0.00033591551771289545,-49.979407034107325
0.00033741730225070576,-49.988287164705866
0.00033904772358392046,-49.98923368690177
0.00034084846670117525,-49.981741373731609
0.00034264850532535581,-49.969110968838464
0.00034426819560403005,-49.972712795442234
0.00034575312311850586,-49.985425484664603
0.00034729707309632011,-49.990293506244676
0.0003490364118001993,-49.986742099496958
0.00034999999999999002,-49.997673175585909
0.00035,-49.997673175585959
0.00035184904920073685,-49.995339636112128
0.00035428277529032693,-49.946204803637663
0.00035556174446260116,-49.985893184281615
0.0003568407136348754,-49.996300743130085
0.00035864270763039135,-49.993699056025882
0.00036087123727107179,-49.958601629521773
0.00036222972265697315,-49.985989769766562
0.00036358820804287452,-49.995258592332824
0.00036537675918945294,-49.992293903382162
0.00036750019945720259,-49.962818174246308
0.00036889604395631522,-49.985662703420552
0.00037029188845542785,-49.994471544389199
0.00037206491394860134,-49.99149117760107
0.00037208430735863839,-49.991878582876772
0.00037208430735864901,49.991878582877014
0.00037392410195899206,49.984239770022874
0.00037582121416979218,49.962880733762852
0.00037747345746629442,49.963022407670231
0.00037890001083028897,49.984074594496043
0.00038036208106921701,49.992186034517424
0.00038208582052674518,49.989906517561153
0.00038401988037613114,49.973137068588876
0.00038581969035028467,49.954590795165821
0.0003873190463878808,49.974405422351651
0.00038871132844211126,49.99025485098818
0.00039029093181527853,49.992584065686259
0.00039216903599949217,49.983611113285136
0.00039409370760262806,49.957707824070773
0.00039572870858399891,49.960462146547179
0.00039712098947306202,49.984946003543769
0.00039856901121848451,49.992986699915171
0.00039999999999998864,49.99693033282918
0.00040000000000000002,49.996930332829251
0.00040174588927326826,49.995708185983084
0.00040407213988933986,49.962893623048984
0.00040544291540152563,49.986899009371349
0.0004068136909137114,49.995374488981263
0.00040862395334593724,49.991891902802642
0.00041075333442243384,49.96017418182192
0.00041213281957691908,49.98550522473893
0.00041351230473140433,49.994724565131847
0.00041528463404892044,49.991900478486308
0.00041736659407759643,49.965544326299074
0.00041878543718186419,49.985570225303782
0.00042020428028613195,49.993956919850383
0.00042197059342221732,49.990916621071072
0.00042399796608612626,49.967380640547006
0.00042543706489617668,49.985293157039472
0.00042687616370622709,49.993369237364178
0.00042835414050607296,49.991813182650731
0.0004283541405060851,-49.991813182650461
0.00043034633725597918,-49.973700511950696
0.00043221270041772796,-49.944136072895873
0.0004337085856514015,-49.968918037600702
0.00043504484400775826,-49.990240070157704
0.00043657366569130866,-49.993857942125125
0.00043846125558463735,-49.985987130191319
0.000440458014915187,-49.954324762309938
0.00044213344184583617,-49.950466726694472
0.00044349877941656689,-49.982837483892645
0.00044488707815937663,-49.993556869853492
0.00044659886953577746,-49.992027355737001
0.00044861143421495416,-49.97267548223904
0.00044999999999998725,-49.989732177735981
0.00045000000000000004,-49.989732177736244
0.00045187266342203874,-49.97772062574132
0.0004536770297567622,-49.961737275464252
0.0004552328467479534,-49.973359870967897
0.00045666505175121636,-49.988287963545851
0.0004582252600487122,-49.991710496575386
0.00046003924416955971,-49.985280760051502
0.000461933417085899,-49.965670968363739
0.00046360887462042986,-49.962767150778468
0.00046505445596699339,-49.982809044043705
0.00046651151189661122,-49.991719966042062
0.00046821000614165537,-49.99023501262289
0.00047012668268885479,-49.9754572099082
0.0004713118364873763,-50.005289724496521
0.00047131183648738975,50.005289724494872
0.00047283625933223963,50.003274524032513
0.00047497084033981728,50.016336534922473
0.00047656380383403091,50.013067050823913
0.00047815676732824454,50.010451899258022
0.00047992539444315216,50.0158390867213
0.00048174193751786715,50.028374658646491
0.00048340561584473633,50.0294775409197
0.00048490914618130025,50.016875900432176
0.00048642642234656937,50.010171047132538
0.00048812027231894879,50.011794908010472
0.0004899605663997291,50.022928069898498
0.00049172116005855222,50.033773655574514
0.00049327483595841353,50.023326982898126
0.00049474356789317852,50.011731532972199
0.00049633947310896947,50.009487048482143
0.00049814609704611451,50.016421363465824
0.00049999117905444768,50.032448045278819
0.00049999999999998581,50.03188062033972
0.00050000000000000001,50.031880620338818
0.00050164706896880227,50.031160265547456
0.00050311847855057622,50.015827443809741
0.0005046241622534873,50.009134425756422
0.00050634199621026163,50.011551437426604
0.00050821771302819784,50.025323846798379
0.00050997954199162967,50.037466054420776
0.00051150245205555352,50.023061830071072
0.00051294570107368804,50.010557165305315
0.00051454965592326091,50.008796957605327
0.00051639325110966754,50.017294445405959
0.00051825959033107631,50.036732936247397
0.00051988629016653208,50.033302994752724
0.0005213195998615141,50.014700462643539
0.00052281150502692889,50.008058595396925
0.00052455746787119289,50.011269967481041
0.00052647534012883904,50.028437487878328
0.00052823864965649526,50.042293415142453
0.00052913671647487307,49.996749948043323
0.00052913671647488803,-49.996749948044062
0.00053055068002911155,-49.998662698406953
0.00053293174937657116,-49.986579629944394
0.00053453488173471142,-49.988851373758585
0.00053613801409285169,-49.99073856633192
0.00053796177493579066,-49.982990275877093
0.00053981261970037205,-49.965722431633075
0.00054144720817526752,-49.96800356879708
0.00054289930424538302,-49.984868310615248
0.00054440014936644326,-49.991423568240741
0.00054613439100012582,-49.988496939416173
0.00054803075892213154,-49.972974615091111
0.00054979052611535786,-49.960307148669727
0.00054999999999998442,-49.973892405013785
0.00055000000000000003,-49.973892405014603
0.00055150354181650047,-49.985052753429414
0.00055305810715999501,-49.989641726496174
0.00055478675004788094,-49.986382645457979
0.0005566138894751697,-49.974697450628426
0.00055832682996462995,-49.968561028954504
0.00055985751491873415,-49.980076513524914
0.00056135105783010689,-49.989011291660383
0.00056299373492254862,-49.989431905842672
0.00056481530516229689,-49.980736471333969
0.0005666183239778031,-49.967071291706723
0.00056822027777415972,-49.972764971515907
0.00056968903641144381,-49.986301688874264
0.0005705429218941262,-50.003485028320988
0.00057054292189414246,50.003485028320753
0.00057230335657375969,50.005130652352037
0.00057456799870695514,50.037359596004293
0.0005759452165111686,50.013489726367766
0.00057732243431538207,50.004870842753668
0.00057912086708779677,50.008194297331265
0.00058123082610203071,50.037961627075418
0.00058262379259994086,50.014489050823506
0.00058401675909785101,50.005530126339131
0.000585786611855661,50.008416795029596
0.00058784954196992531,50.033768195385399
0.00058927570783885404,50.014522706417544
0.00059070187370778278,50.00624578836041
0.00059246451812852664,50.009267183420548
0.00059447929647616531,50.031984386427581
0.00059592480856037237,50.014763905070474
0.00059737032064457942,50.006814978096379
0.00059912349244524736,50.009778081600565
0.00059999999999998303,50.001853535458139
0.00060000000000000006,50.001853535458075
0.00060198182003304897,50.005759788334672
0.00060389249985627115,50.01419178411048
0.00060580317967949332,50.034967732238627
0.00060748821041705281,50.039271908807216
0.00060892706524322531,50.017690409953993
0.00061036971465718167,50.008080453011253
0.00061206113462068841,50.00928826997017
0.00061398857356147088,50.024188101006075
0.00061581972810593349,50.045568849376984
0.00061734612866485162,50.028418333781829
0.0006187334423565714,50.010631718337279
0.00062028116866560924,50.007181446940656
0.00062213303421059906,50.014522252615805
0.00062407509133243421,50.039675031063766
0.00062574731321143461,50.042525649561192
0.00062715211496882674,50.016930891871169
0.00062857724155534469,50.007254014065765
0.00062991511368354033,50.005106366714251
0.00062991511368355832,-50.005106366714728
0.00063188096768615443,-50.015072510493624
0.00063352292184345787,-50.014457012587329
0.00063516487600076132,-50.013866649025651
0.00063688933103668945,-50.017957929676037
0.00063861365357477406,-50.023245267030788
0.00064025110101768336,-50.021928526974662
0.00064182002672062959,-50.01603479025426
0.00064341870425649284,-50.013101532101075
0.00064511538731746383,-50.015350128214976
0.00064686431075622992,-50.021694434679986
0.00064854977656549843,-50.024403395976854
0.00064999999999998165,-50.011461466498346
0.00065000000000000008,-50.011461466497927
0.00065158292938057851,-50.008830980643658
0.00065340044603209608,-50.015873426243957
0.00065527014543466139,-50.034099757548731
0.00065692443670599952,-50.03422617684469
0.00065837509884468699,-50.016100893007398
0.00065985608726404756,-50.008474563251113
0.00066157256470946921,-50.010664797661093
0.00066347688359030246,-50.025728351228437
0.00066526210596347792,-50.041331270806204
0.00066677665404429659,-50.024657252870213
0.00066819309458979648,-50.010236909604124
0.00066977830550798501,-50.008047656083427
0.00066977830550800409,50.008047656083129
0.00067163652479683899,50.016629169946732
0.00067353366751132446,50.039169821358826
0.00067516826605601443,50.036564469393198
0.00067658212662227821,50.01503962276675
0.00067804950838678808,50.00752591846561
0.00067979209508222554,50.010399237045391
0.0006817370390193835,50.028680001859556
0.00068352426688010387,50.046397601298303
0.00068500597575999746,50.024486521686704
0.00068639489020153369,50.009212728025375
0.0006879891251359557,50.007403940895159
0.00068988555425121079,50.017398431464336
0.00069180741859243688,50.044483825073023
0.00069342342686064804,50.038763962385715
0.00069480441940029892,50.014183070003916
0.00069625997648000738,50.006793590487426
0.00069802536438212594,50.010178170532704
0.00069999999999998004,50.030906271278269
0.00069999999999999999,50.030906271277033
0.00070143270803850423,50.013612572150983
0.00070286541607700846,50.005995615546908
0.00070464975825324189,50.0096019921573
0.00070667667906543598,50.034432822238557
0.00070810313649848457,50.014824256649206
0.00070952959393153316,50.006382241446225
0.0007112849527207948,50.009228507046103
0.00071329250642864395,50.031130658689968
0.00071474545841868705,50.01476876982607
0.00071619841040873014,50.007006487217247
0.00071795006006391941,50.009998686752269
0.00071992122692557511,50.03002382024458
0.00072171803131682163,50.050223760571654
0.00072318483467017258,50.02507846221296
0.00072455409782302353,50.008808028819871
0.00072614416125934384,50.0069695179454
0.00072805853768665308,50.017384042500026
0.00073000040401172085,50.047463882828161
0.00073068854649915578,49.975360745109938
0.0007306885464991766,-49.975360745109697
0.00073205214703552987,-49.991513821404148
0.00073364883458259189,-49.993117382032722
0.00073557618598128738,-49.982081752628055
0.00073752049324652964,-49.950685947869424
0.00073912354550335479,-49.959045825086228
0.00074047817845730398,-49.986321084161155
0.00074192200653456434,-49.99372478680727
0.00074370247130985535,-49.990085958965814
0.00074571177548211226,-49.966370735079508
0.0007471461774649818,-49.985096163268786
0.00074858057944785135,-49.993394909171059
0.00074999999999997866,-49.997228047930236
0.00075000000000000002,-49.997228047930356
0.00075175197087995124,-49.996039740286534
0.00075412472266604225,-49.961137208167919
0.00075547973058418742,-49.987003037551389
0.00075683473850233259,-49.995653399436151
0.00075865104343043671,-49.992219765004592
0.00076080578737353251,-49.958781668709136
0.00076217435003813629,-49.985558425290684
0.00076354291270274008,-49.994940137711708
0.00076531867651822563,-49.992136994009051
0.000767417361916884,-49.964797961059858
0.00076882901292015004,-49.985635657661426
0.00076901872540126879,-49.991613473705819
0.00076901872540129069,49.991613473706522
0.00077078802871514019,49.987260494062632
0.00077268621555724628,49.96988757440009
0.00077441011003729493,49.961081427283624
0.00077588679637396855,49.979840634732341
0.00077732618094113778,49.990901379822596
0.00077897455947835469,49.991064007325136
0.00078086509710952967,49.979410699110971
0.00078271707333973603,49.958348826085235
0.00078429022776081139,49.969058283698772
0.00078569577335054169,49.987648166260989
0.00078721435979634783,49.992519002344423
0.00078901705236392302,49.987226622985837
0.00079095266882737276,49.965830813995311
0.00079266942503021835,49.956956700126014
0.00079411029224451168,49.980467211035766
0.00079552641721924652,49.991899849239871
0.000797189428211089,49.991605554303263
0.00079912152733850063,49.977802186742984
0.00079999999999997727,49.995802026577245
0.00080000000000000004,49.995802026577437
0.00080186774883816828,49.991041022812588
0.00080402659135952125,49.951957034589128
0.00080536071945122806,49.985020192322551
0.00080669484754293487,49.995329292516942
0.00080846438578491742,49.992899108919282
0.00081059825917282539,49.964648746844119
0.00081200429616220659,49.985862997573335
0.00081341033315158779,49.994346598217341
0.00081518637690047814,49.991205984083059
0.00081723896106526651,49.965831640215001
0.00081866371472746988,49.985380448480605
0.00082008846838967325,49.993744760123903
0.00082184904112543936,49.990786547714272
0.0008238636282087863,49.96822027718725
0.00082531067801183276,49.985247412665444
0.00082675772781487923,49.993151644702948
0.00082851087743176415,49.990174802526383
0.00083049076631452738,49.969657282807155
0.00083145623465000521,50.031054980058684
0.00083145623465002885,-50.031054980056709
0.00083291924418541841,-50.015290497553693
0.0008344273075941408,-50.008903387693621
0.00083615660251786547,-50.011732078952321
0.00083803977253149131,-50.026372516700228
0.00083979486657353661,-50.038097994097036
0.00084130648798934511,-50.022480903702665
0.00084274664119803977,-50.010175030552546
0.00084435934076273881,-50.008758506253869
0.00084621489472122601,-50.017934941878622
0.00084808067845479123,-50.038021828481256
0.00084969567778447679,-50.033009094919116
0.00084999999999997588,-50.017960504085593
0.00085000000000000006,-50.017960504084726
0.00085142518280158892,-50.007696722391188
0.00085311467756195899,-50.008785541336884
0.00085506134491319323,-50.024366210234497
0.00085690956901332083,-50.048665676911881
0.00085843117427768776,-50.029809694618137
0.00085980106009729714,-50.01049234775811
0.00086133699698154754,-50.006781257747669
0.00086319606691899052,-50.014052872370684
0.00086515913629237268,-50.041108060118347
0.00086683899414427069,-50.045306566473734
0.00086823277426971348,-50.017342462011271
0.00086826491512462353,-50.016196246062727
0.00086826491512464825,50.016196246061817
0.00086996930264829396,50.019512538819399
0.0008716442934576657,50.021127042196611
0.00087326286836846066,50.018586517514223
0.0008748651857155296,50.015393538124066
0.0008765118662467518,50.015024219238278
0.000878213980064483,50.017952337907019
0.00087991471710044389,50.021344541277792
0.00088155618380696479,50.020436169433417
0.00088315144583268987,50.01648677035832
0.00088476836349070105,50.014415388986812
0.00088645244735448519,50.016134093322833
0.00088817046306168077,50.020416591570751
0.00088984442902536427,50.022023346329028
0.00089144857691564295,50.018364546707438
0.00089304001466405806,50.014605915081631
0.00089469252739121272,50.014564582678425
0.00089641158377768522,50.018499581860311
0.0008981199863086094,50.022613039388915
0.00089975035573848917,50.020781676535883
0.0008999999999999745,50.012613814581492
0.00090000000000000008,50.012613814580845
0.00090157875489817879,50.009568593203241
0.00090336255676162595,50.015295135363843
0.00090520866559048064,50.030328765999435
0.00090687913740575277,50.032300632561395
0.00090836174182615768,50.017103697381657
0.00090985484826333781,50.009418119455276
0.00091154851321634191,50.010914443593286
0.00091341736861534032,50.023379983377993
0.0009152004928835659,50.037283604791227
0.00091674463547702532,50.024848453204868
0.0009181860556188088,50.011298964121131
0.0009197665642133473,50.008627472809167
0.00092158974005933055,50.015813465896024
0.00092346712791815954,50.034862930434969
0.00092512142971243436,50.034993531583169
0.00092656568274269914,50.016078379999186
0.00092804113862855785,50.008290422078296
0.00092975911443384017,50.010489456644706
0.00093167152864026591,50.02599438135033
0.00093221740406450554,49.974933082056559
0.00093221740406453199,-49.974933082054768
0.00093372815861322823,-49.985256362167519
0.00093529422057246647,-49.989333822553249
0.00093702552015943459,-49.985843840940802
0.00093884149988076302,-49.974689534722437
0.00094054307253388164,-49.969815843688878
0.00094207542754973857,-49.980751725548934
0.00094358092095988969,-49.988899222421217
0.00094523285907471919,-49.988953987721388
0.00094704900540323466,-49.98023893345632
0.00094883710342630377,-49.967933680611047
0.000949999999999973,-49.993653571955086
0.00095,-49.993653571955427
0.00095159616954572975,-49.9948627205112
0.00095363894620827268,-49.980639815742833
0.00095520324277516158,-49.986086171620428
0.00095676753934205048,-49.990000373054059
0.00095851933826218965,-49.985722354376385
0.00096035511638145111,-49.97267166866137
0.00096205046780619373,-49.968135525670931
0.00096356044853611561,-49.981312389851205
0.00096505325497259144,-49.989721210587454
0.00096671723709616634,-49.98930980019778
0.00096751760304491748,-50.016469612166105
0.00096751760304494502,50.01646961216597
0.00096931286072356529,50.027402131407953
0.00097096708791257532,50.027497247304296
0.00097248261088512926,50.016464142202913
0.00097401917718507598,50.010665967364041
0.00097571794321103182,50.012591204406881
0.0009775399215363747,50.022983580457698
0.00097928080072072119,50.031565764990631
0.00098083680241585459,50.021992617990485
0.0009823251647390909,50.011897868540899
0.00098393659000376127,50.010193164838064
0.00098573523024598998,50.017160522696408
0.00098755545109252964,50.031134920176967
0.0009891920844175828,50.029283154513038
0.00099067206559994275,50.015355287481924
0.00099219517591406714,50.009458870831978
0.00099392025121155885,50.01227694895455
0.00099578155704948298,50.025635294706746
0.00099752450543721992,50.03546826803904
0.00099904657858768207,50.021763829080861
0.00099999999999997161,50.003841834343504
0.001,50.003841834343284
0.0010014592825458755,50.001865705161855
0.0010037507424040008,50.014648049497659
0.0010053467050995806,50.011848110945074
0.0010069426677951604,50.009583373744711
0.0010087457116557202,50.01638306266819
0.0010105877233817385,50.03203458723479
0.0010122360590907608,50.031457048154728
0.0010137058600278748,50.015883119271628
0.0010152089513571071,50.009078187417337
0.0010169260530930398,50.011450118836422
0.0010188042272948087,50.025310217108654
0.0010205687402422003,50.037802813103454
0.001022091405070749,50.023247768226661
0.0010235321109411328,50.010543457734798
0.001025133932063473,50.008716093211838
0.0010269784154662684,50.017187532855068
0.0010288480417266221,50.036913641059648
0.0010304762370737101,50.03365249071981
0.0010319079194005094,50.014766749622915
0.0010329712877016495,50.002410643331757
0.001032971287701679,-50.002410643332482
0.0010347162111768557,-50.003358842014443
0.0010371579001063945,-50.039590498776271
0.0010385015777775453,-50.012742992113253
0.001039845255448696,-50.004101586315343
0.0010416710295733061,-50.007585470921867
0.0010438488845659988,-50.043022053647569
0.0010452052336072165,-50.014453866119297
0.0010465615826484342,-50.004855980318986
0.0010483394363314253,-50.007601811193446
0.0010499999999999702,-50.007807655818127
0.0010500000000000002,-50.007807655817658
0.0010521155783475573,-50.036789962002523
0.0010535149888073556,-50.014367601905811
0.001054914399267154,-50.005610986619367
0.0010566859857056735,-50.008592193486166
0.001058742579065404,-50.033802169903538
0.0010601693620126626,-50.014569988584618
0.0010615961449599212,-50.006280205322966
0.0010633575259433824,-50.009276711150989
0.0010653703458050169,-50.031819603722482
0.0010667775116862846,-50.015611870503747
0.0010667775116863149,50.015611870503349
0.0010682245213501865,50.007246176834499
0.0010699579401953854,50.009690319646396
0.0010719194846806276,50.028206927059614
0.0010737292460178027,50.049358351165132
0.0010752125690265274,50.026206031194612
0.001076584168943549,50.009278977079525
0.0010781599023188995,50.006959873411233
0.001080057277153969,50.016406599816428
0.00108200288435856,50.045345713458971
0.0010836342406979509,50.041825594284035
0.001085007760702388,50.0149087423802
0.0010864425326282381,50.006616204103636
0.0010881943180231827,50.009446280529268
0.0010901881830676476,50.030507457916634
0.00109200160200103,50.054064649216137
0.0010934613181480498,50.026297457779918
0.0010948115770102675,50.008654075870311
0.00109638992329555,50.006554804688797
0.0010983134150010128,50.01684930356835
0.0010999999999999688,50.019030564912129
0.0011000000000000001,50.019030564910942
0.0011019641082202986,50.055856467719444
0.001103544967177771,50.04270575568188
0.0011048693293139837,50.012896179917639
0.0011063059311401133,50.005761493703353
0.0011081089153535913,50.009847402659368
0.0011101482697072969,50.036716111848541
0.0011115580986572817,50.014884209134038
0.0011129679276072665,50.006033854631973
0.0011147250481003655,50.008779399585492
0.0011167549132816547,50.031775507810551
0.0011181998916642327,50.014638753716859
0.0011196448700468108,50.006743971226527
0.0011214011348746758,50.009782926954884
0.0011233864995105088,50.030747525650725
0.0011251887234206446,50.05241415466142
0.001126647774303717,50.025432037477749
0.0011280065324450813,50.008614863822075
0.001129593990228222,50.006750771732143
0.0011315174030429712,50.017348530785888
0.0011334699930135306,50.049052229824504
0.00113371712637204,50.016014350208536
0.0011337171263720721,-50.016014350203811
0.0011350719227860276,-50.005351856430266
0.0011368139963148325,-50.007381628635834
0.001138896288102872,-50.031433673131453
0.0011403366293622976,-50.014236932932583
0.0011417769706217231,-50.006448188809465
0.0011435439243237377,-50.009714237831325
0.0011455450342458683,-50.032105389986903
0.0011473471010637209,-50.054698961371088
0.0011487936184293222,-50.025342355150961
0.0011499999999999672,-50.005485537238847
0.00115,-50.005485537238485
0.0011513490338114724,-50.001797742347691
0.0011535087720355166,-50.009666072376888
0.0011552357008509082,-50.012629547179607
0.0011569626296662999,-50.016501579518824
0.0011587190474233768,-50.023950468327399
0.0011603790610772503,-50.024549449387486
0.0011619350258032415,-50.017101818229293
0.0011635001410976382,-50.01232846801512
0.0011651809908306925,-50.013636813698689
0.0011660453570749262,-49.985240845656833
0.0011660453570749591,49.985240845657479
0.0011677670085729842,49.981077638969893
0.0011694704398710527,49.977281818652287
0.0011710942807060239,49.97961993578916
0.0011726726401600695,49.984562891384115
0.001174293307264635,49.986313488498332
0.0011759990363940695,49.983430953715093
0.0011777311592316049,49.977944673961865
0.001179393875946511,49.977167989138728
0.0011809752677888654,49.982508747352895
0.0011825590243703078,49.986481449353604
0.0011842290602414303,49.98562544762558
0.0011859717924191221,49.980127091474763
0.0011876806065810968,49.975672157056039
0.0011892877293722562,49.979488237853325
0.0011908473265466923,49.985515411479597
0.0011924690930027607,49.98710558090319
0.0011941964917799813,49.983123938589706
0.0011959455505922278,49.976137474671631
0.0011975993517468171,49.976092089523796
0.0011991574548137545,49.983211298829332
0.0011999999999999661,49.996674366309691
0.0012000000000000001,49.996674366309918
0.0012015730725568577,49.997530217394498
0.0012039033106281865,49.978411346844261
0.0012053978364314907,49.988049133074909
0.0012068923622347949,49.993384338558279
0.001208711647908312,49.98803566495689
0.0012106921898391138,49.962973513240286
0.0012124240957859162,49.950751674903685
0.0012138398398931843,49.979605051024812
0.0012152220967046757,49.992504639622076
0.0012168769182978574,49.992462184339814
0.0012188408909979806,49.977885511882299
0.0012207434581214041,49.946959707363142
0.0012222866584300223,49.964774664045166
0.0012236300951080036,49.988671177033822
0.0012251199465338623,49.993837066329867
0.0012269597039625284,49.98804187784912
0.001228964473891269,49.960016249792865
0.0012306925756011336,49.947537758876734
0.001232087264190644,49.979853564855667
0.001233455292300739,49.992954386034349
0.0012344541695484923,50.002314081592921
0.0012344541695485274,-50.00231408159231
0.0012364412409993546,-50.007312970881905
0.0012382801892098154,-50.014150328099952
0.0012401191374202761,-50.027380361356599
0.0012418170030283205,-50.032217354278608
0.0012433260273328971,-50.018827114203276
0.0012448157043060616,-50.01023538137364
0.0012464777726030548,-50.010570677577206
0.0012483217273119042,-50.020807041157106
0.0012499999999999645,-50.02280000623491
0.00125,-50.02280000623329
0.0012517989630323626,-50.03842772598135
0.0012533484432899447,-50.026127916541469
0.0012547803741538338,-50.011475360986111
0.0012563467026853751,-50.00831004504888
0.0012581669433437517,-50.015078228388056
0.0012600590126208918,-50.034919954701685
0.0012617267601180309,-50.036821662237692
0.0012631685555846927,-50.016766427051792
0.0012646294522688042,-50.008190990291716
0.00126532184808794,-49.993055025224969
0.001265321848087976,49.993055025224827
0.0012672411550472319,49.982392513161869
0.001269183470694513,49.951855403471697
0.0012707924538561798,49.959125851561225
0.0012721527697140348,49.986080201026098
0.0012735962605939925,49.993622182148883
0.0012753705890506562,49.990138810280506
0.001277374617879936,49.967105164484906
0.0012791707841924981,49.945095885743079
0.0012806111345332839,49.975132011778932
0.0012819600572037983,49.991853221576292
0.0012835563852953338,49.993401486169148
0.0012854996120293912,49.981903734959644
0.0012874573912658265,49.947963782592836
0.0012890552146599529,49.957617777023636
0.0012903961008246378,49.986485238138229
0.0012918322513638875,49.993972108297186
0.0012936185072554339,49.990281390484419
0.0012956428718376759,49.965428036063507
0.0012970687164077673,49.985148980148161
0.0012984945609778586,49.993620472616328
0.0012999999999999633,49.996321575668077
0.0013000000000000002,49.996321575668347
0.0013017548466668432,49.994690771839842
0.0013039964193721216,49.963790881375324
0.0013053831636510413,49.986480832420185
0.001306769907929961,49.994952434663048
0.0013085656834947743,49.991586680808958
0.0013106612148122672,49.962694129358155
0.0013120599330215495,49.985466856529975
0.0013134586512308318,49.994338364029922
0.0013152263212651576,49.991449122667767
0.0013172800306569732,49.966660033565866
0.0013187103754048687,49.98544158734498
0.0013201407201527643,49.993642843658769
0.0013219017051741462,49.990622765237312
0.0013239097129545102,49.968322059265873
0.001325358449202986,49.985203149468852
0.0013268071854514619,49.993088351686808
0.0013285589703649462,49.99013191608752
0.0013305354953123754,49.969852573217743
0.0013323361141491972,49.948894986828769
0.001333801161292218,49.974646972447481
0.0013351659301018726,49.99123277686801
0.0013351816761647979,49.991518397152284
0.0013351816761648361,-49.991518397153001
0.0013370983697139538,-49.978681600795341
0.0013389650418688609,-49.954669286005448
0.0013405250424575255,-49.967940909749203
0.0013419089019389662,-49.988151362960508
0.0013434203357454552,-49.993013247950891
0.001345239471729957,-49.987371081261138
0.0013471985421842985,-49.963532851032667
0.0013489153418636708,-49.954054743936176
0.0013499999999999617,-49.991807961615571
0.0013500000000000001,-49.991807961616203
0.0013514222294922107,-49.996526868636693
0.0013533995746285829,-49.989361406674988
0.0013551338654955284,-49.985728572573343
0.001356868156362474,-49.980855209464984
0.0013585808881461769,-49.976230061573027
0.0013601994108445692,-49.979092441352286
0.0013617644098967187,-49.984934575584361
0.0013633790732101409,-49.98693707057307
0.0013646076858066774,-49.996373942140174
0.001364607685806716,49.996373942138199
0.0013663543737287729,49.994915848226171
0.0013686042260815706,49.964498529603894
0.0013699943663195992,49.986584992658898
0.0013713845065576279,49.994930845963474
0.0013731823933252009,49.991488286790442
0.001375275697601811,49.962513123801457
0.001376673597720328,49.98543887633155
0.001378071497838845,49.994343985309293
0.0013798386459523487,49.991473329634147
0.0013818928706345109,49.966701193414821
0.0013833234345088483,49.985447937887734
0.0013847539983831857,49.993640537501634
0.0013865150952479543,49.99061565131619
0.0013885229348787004,49.968314924238086
0.0013899716411674996,49.985201448308587
0.0013914203474562987,49.9930883191251
0.0013931720977559212,49.990133082317513
0.0013951486277087454,49.969855650756507
0.0013969492882489815,49.948892786804059
0.0013984143592406177,49.974643641697568
0.0013997791128021108,49.991232085911093
0.0013999999999999601,49.994363131345224
0.0014,49.994363131345672
0.0014015873546472434,49.995584540644806
0.0014036810779136022,49.980528790359436
0.0014052359054665753,49.986493423562791
0.0014067907330195485,49.990630905299582
0.0014085547288687353,49.986032056561406
0.0014104123087984144,49.97120009661645
0.0014121114742157396,49.965952428367146
0.0014136051230014292,49.981213798281196
0.0014150808438060532,49.99030381750174
0.0014167461206318708,49.989867803229878
0.001418609529300605,49.978691860916271
0.0014204203422146298,49.962577459319654
0.0014219890917894096,49.972653536890647
0.0014234257226606328,49.987781403519023
0.0014249770467729217,49.991634749463309
0.0014267774194885044,49.98583162021847
0.0014286707065590725,49.967053357280392
0.0014303591437762381,49.962536781602189
0.0014318147319821262,49.982053321225244
0.0014332684252848272,49.99146256978964
0.0014349529820907913,49.990428217669219
0.0014358989154023194,50.01699248052644
0.0014358989154023602,-50.016992480525381
0.001437722574271027,-50.031197746026457
0.0014393618791166457,-50.029632891519796
0.0014408408599805315,-50.015480979708236
0.001442360524481177,-50.009414096454833
0.001444083422902431,-50.012123753204804
0.0014459469102748631,-50.025503203761204
0.0014476938726209257,-50.035793362867828
0.0014492169081645582,-50.02204257341954
0.0014499999999999589,-50.004778030139683
0.0014500000000000001,-50.004778030139292
0.0014514564770785558,-50.002296427762182
0.001453650809645865,-50.01366743986992
0.0014552799090043064,-50.012501711104086
0.0014569090083627477,-50.011435410143903
0.0014586866763476971,-50.017889925964866
0.0014604692326758129,-50.02847196331772
0.0014620983793399039,-50.026048077328838
0.0014636062321066047,-50.015155397824799
0.0014639035628750744,-50.003612673620133
0.001463903562875116,50.003612673618498
0.0014656274352529983,50.004668801872292
0.0014678841345625363,50.033241026652291
0.0014692886543129836,50.013221002734696
0.0014706931740634309,50.005258408987764
0.0014724934753070494,50.008904049377549
0.0014745709917433696,50.037365281768196
0.0014759717710390412,50.014663777947248
0.0014773725503347127,50.005754710616657
0.001479136662420897,50.008582952145304
0.0014811844140724417,50.032850882931342
0.0014826190863432124,50.014573261113945
0.0014840537586139832,50.006464968991494
0.0014858135594004365,50.009496388904644
0.0014878150622143476,50.031424643720335
0.001489625254670276,50.055071163869805
0.0014910768158291952,50.025992862360411
0.0014924232882137091,50.008445230692743
0.0014940059831105464,50.00650130067681
0.0014959380218820101,50.017188278000184
0.0014979037362944406,50.050711912925841
0.001499516869659358,50.04372235706964
0.0014999999999999573,50.016652460662172
0.0015,50.016652460660751
0.001501345675242199,50.005395991765184
0.0015030759324160261,50.007134892147846
0.0015051572829744471,50.03029545238121
0.0015066064518582225,50.014173636354208
0.0015080556207419978,50.00663109317442
0.001509822464345386,50.009985903552327
0.0015118124330726719,50.03185134499337
0.0015136064840176008,50.052771597508148
0.0015150564554017919,50.024762078775368
0.0015164146960318561,50.008373087087527
0.0015180107434677385,50.006774729600792
0.0015199434068902441,50.017947938068033
0.0015218928741462542,50.05023389697196
0.0015234946057994447,50.041513670602463
0.0015248444296498259,50.013641402533771
0.0015262851137929738,50.006186232301232
0.0015280671665301236,50.009828066534155
0.0015300819039249902,50.033915805685446
0.0015315135668896532,50.014881241132805
0.0015329452298543163,50.006529443519824
0.0015346982567974858,50.009363583949188
0.0015366051674624334,50.03402716242838
0.0015366051674624772,-50.03402716242784
0.0015380330550162607,-50.014726055504823
0.0015394609425700442,-50.00637304715579
0.0015412183679261535,-50.00928295364011
0.0015432260893926742,-50.031330986870593
0.0015446774886746684,-50.01477899530294
0.0015461288879566625,-50.006971331706403
0.0015478805926773204,-50.009950463033832
0.0015498537375497395,-50.030070115549869
0.0015499999999999561,-50.022443638689523
0.0015500000000000002,-50.022443638687548
0.001551798207390767,-50.037727662129349
0.0015533526939645042,-50.026137138706176
0.0015547891429588323,-50.011670493636402
0.0015563545948152954,-50.008423694808954
0.0015581688742135409,-50.014972806996859
0.0015600569228557462,-50.034212415869732
0.0015617276654275893,-50.036472860545544
0.001563174931988138,-50.01694470812896
0.001563210162863258,-50.015700638748235
0.0015632101628633027,50.015700638746601
0.0015649125140687478,50.018776702134133
0.0015665983010108189,50.021146015823675
0.0015682275752610993,50.019354934303266
0.0015698278368661324,50.015907821594965
0.0015714615828439297,50.014803041216503
0.001573154805347167,50.017127391750741
0.0015748621412338363,50.020855282762909
0.0015765180187362214,50.021054887655758
0.0015781183270109913,50.017308018713074
0.0015797247879775615,50.014557224085131
0.001581394392227759,50.015454588486513
0.001583111589316544,50.019499221821839
0.0015848001671635065,50.022183657081179
0.0015864167243900028,50.019370615244192
0.0015880038141526521,50.015158366164236
0.0015896395387448993,50.014209071878774
0.0015913488338060622,50.017424545824078
0.0015930674030287582,50.022093505295402
0.0015947157171932026,50.021693470439565
0.0015962989014072983,50.016730570551374
0.0015978986441061297,50.013724330752396
0.0015995807919574733,50.015252760278713
0.0015999999999999545,50.006597483655106
0.0016000000000000001,50.006597483654502
0.0016017353257044991,50.008883166215092
0.0016037336312000716,50.029097839971477
0.0016055687097679453,50.055561717523616
0.001607039158504743,50.0281214075913
0.0016083805164885815,50.00898144162251
0.0016099393746200224,50.006324823862286
0.0016118525439692091,50.015713070943157
0.0016138327116660218,50.048569443538021
0.0016154727926486186,50.046265474593248
0.0016168263598946753,50.01539701027103
0.001618235570515579,50.006227870317993
0.001619980945208103,50.008691480625544
0.0016220003825360338,50.030441942352134
0.0016234570068263002,50.014639029865727
0.0016249136311165665,50.007039668918992
0.0016266676847993995,50.010132119553411
0.0016286365196916486,50.030196442020028
0.0016304289700913416,50.049750972918638
0.0016318947303540561,50.024746566696955
0.0016332667432428715,50.008774795906504
0.0016348605708187852,50.007041297620432
0.0016367756483336028,50.017603873610177
0.0016372997243249961,49.972334955673794
0.0016372997243250425,-49.972334955670192
0.001638909477963233,-49.976445417825069
0.0016404290743948424,-49.985679935522619
0.0016420132649350302,-49.988914447129389
0.0016437513911360458,-49.984923847242761
0.0016455521831625654,-49.974427950169506
0.0016472349970146785,-49.971511078418345
0.0016487671305505098,-49.981847827511295
0.0016499999999999532,-49.995809457779984
0.00165,-49.995809457780375
0.0016515230378722058,-49.997419322123669
0.001653759749542062,-49.98264237523437
0.0016553210595252339,-49.987663947309329
0.0016568823695084058,-49.991232775334083
0.0016586774153546364,-49.98542387125665
0.0016605540062812304,-49.967951029910829
0.001662235621164865,-49.964450920637198
0.0016625281596373311,-49.988357344256841
0.0016625281596373783,49.988357344260521
0.0016639957460519896,49.994169523810072
0.0016658298455499354,49.98890414928568
0.0016678581031479443,49.960042706903174
0.0016692498665838121,49.984814191742409
0.0016706416300196799,49.994228618743556
0.0016723951704234966,49.991708425828953
0.001674443907172732,49.968166899719357
0.0016758858108844299,49.985499315031475
0.0016773277145961279,49.993394615582453
0.0016790878958709804,49.990284280993208
0.001681080739940695,49.968724459837787
0.0016828841667865244,49.946462300447635
0.0016843380840040833,49.974510494571625
0.0016856918389523648,49.991511755624245
0.0016872794569901775,49.993344473596906
0.001689208541936093,49.982573899176195
0.0016911656176229173,49.950005125031879
0.0016927756543802725,49.95738856346231
0.0016941256012643971,49.98599204410371
0.0016955587651620717,49.993819960665164
0.0016973328355547033,49.990453282376336
0.0016993495821462285,49.999725360951359
0.0016999999999999518,49.999925171086595
0.0017000000000000001,49.999925171086602
0.0017057093526898709,49.999995770393234
0.0017379818904906695,49.999999265498573
0.0017379818904907189,-49.999999265498573
0.0017499999999999504,-49.99999995535542
0.00175,-49.99999995535542
0.0017618582167349232,-50.00000000945829
0.0017618582167349744,50.00000000945829
0.001799999999999949,50.000000000297284
0.0018000000000000002,50.000000000297284
0.0018386509837073305,50.000000000046114
0.001838650983707383,-50.000000000046114
0.0018499999999999476,-50.000000000002842
0.0018500000000000001,-50.000000000002842
0.0018612009867480391,-49.999999999999488
0.0018612009867480933,49.999999999999488
0.001899999999999946,49.999999999999986
0.0019,49.999999999999986
0.0019393063356789961,50
0.0019393063356790516,-50
0.0019499999999999446,-50
0.0019500000000000001,-50
0.0019605571107127718,-50
0.001960557110712829,50
0.0019999999999999432,50
0.002,50
0.0020399472927563381,50
0.0020399472927563962,-50
0.0020499999999999421,-50
0.0020500000000000002,-50
0.0020599272175068069,-50
0.0020599272175068667,50
0.0020999999999999405,50
0.0021000000000000003,50
0.0021405732166087537,50
0.0021405732166088144,-50
0.0021499999999999389,-50
0.00215,-50
0.0021593119232552098,-50
0.0021593119232552723,50
0.0021999999999999377,50
0.0022000000000000001,50
0.0022411834848763365,50
0.0022411834848764006,-50
0.0022499999999999365,-50
0.0022500000000000003,-50
0.0022587118307445951,-50
0.0022587118307446602,50
0.0022999999999999345,50
0.0023,50
0.0023417774918015324,50
0.0023417774918015992,-50
0.0023499999999999333,-50
0.0023500000000000001,-50
0.0023581275288465458,-50
0.0023581275288466143,50
0.0023999999999999321,50
0.0024000000000000002,50
0.0024423546488398576,50
0.002442354648839927,-50
0.0024499999999999301,-50
0.0024499999999999999,-50
0.0024575595919508241,-50
0.0024575595919508952,50
0.0024999999999999289,50
0.0025000000000000001,50
0.0025429143852483149,50
0.0025429143852483877,-50
0.0025499999999999278,-50
0.0025500000000000002,-50
0.0025570085794083658,-50
0.0025570085794084396,50
0.0025999999999999266,50
0.0026000000000000003,50
0.0026434561486523315,50
0.002643456148652407,-50
0.0026499999999999246,-50
0.00265,-50
0.0026564750349852596,-50
0.002656475034985336,50
0.0026999999999999234,50
0.0027000000000000001,50
0.0027439794055887389,50
0.002743979405588817,-50
0.0027499999999999222,-50
0.0027500000000000003,-50
0.002755959486327265,-50
0.0027559594863273448,50
0.0027999999999999202,50
0.0028,50
0.0028444836420262339,50
0.0028444836420263146,-50
0.002849999999999919,-50
0.0028500000000000001,-50
0.0028554624444366403,-50
0.0028554624444367227,50
0.0028999999999999178,50
0.0029000000000000002,50
0.00294496836386132,50
0.0029449683638614042,-50
0.0029499999999999162,-50
0.0029499999999999999,-50
0.0029549844031607699,-50
0.0029549844031608549,50
0.0029999999999999146,50
0.0030000000000000001,50
0.0030454330973903759,50
0.0030454330973904626,-50
0.0030499999999999135,-50
0.0030500000000000002,-50
0.0030545258386933034,-50
0.0030545258386933919,50
0.0030999999999999123,50
0.0031000000000000003,50
0.0031458773897563366,50
0.003145877389756426,-50
0.0031499999999999107,-50
0.00315,-50
0.0031540872090885757,-50
0.0031540872090886668,50
0.0031999999999999091,50
0.0032000000000000002,50
0.0032463008093711501,50
0.003246300809371242,-50
0.0032499999999999079,-50
0.0032500000000000003,-50
0.003253668953790239,-50
0.0032536689537903327,50
0.0032999999999999063,50
0.0033,50
0.0033467029463122378,50
0.0033467029463123332,-50
0.0033499999999999047,-50
0.0033500000000000001,-50
0.0033532714931729978,-50
0.0033532714931730941,50
0.0033999999999999035,50
0.0034000000000000002,50
0.0034470834126935379,50
0.0034470834126936359,-50
0.0034499999999999024,-50
0.0034500000000000004,-50
0.0034528952281005199,-50
0.0034528952281006197,50
0.0034999999999999008,50
0.0035000000000000001,50
0.0035474418430109116,50
0.0035474418430110123,-50
0.0035499999999998992,-50
0.0035500000000000002,-50
0.0035525405394971846,-50
0.003552540539497287,50
0.003599999999999898,50
0.0036000000000000003,50
0.0036477778944610613,50
0.0036477778944611653,-50
0.0036499999999998964,-50
0.00365,-50
0.0036522077879368852,-50
0.0036522077879369902,50
0.0036999999999998952,50
0.0037000000000000002,50
0.0037480912472347859,50
0.0037480912472348926,-50
0.0037499999999998936,-50
0.0037500000000000003,-50
0.0037518973132473566,-50
0.003751897313247465,50
0.003799999999999892,50
0.0038,50
0.0038483816047838169,50
0.0038483816047839262,-50
0.0038499999999998908,-50
0.0038500000000000001,-50
0.0038516094341319897,-50
0.0038516094341321007,50
0.0038999999999998892,50
0.0039000000000000003,50
0.0039486486940610976,50
0.0039486486940612103,-50
0.0039499999999998885,-50
0.0039500000000000004,-50
0.0039513444478081923,-50
0.0039513444478083068,50
0.0039999999999998865,50
0.0040000000000000001,50
0.0040488922657355474,50
0.0040488922657356888,-50
0.0040499999999998844,-50
0.0040499999999999998,-50
0.0040511026296646668,-50
0.0040511026296648073,50
0.0040999999999998841,50
0.0041000000000000003,50
0.0041491120943796334,50
0.0041491120943798017,-50
0.0041499999999998821,-50
0.00415,-50
0.0041508842329367624,-50
0.0041508842329369315,50
0.0041999999999998809,50
0.0042000000000000006,50
0.0042493079786311361,50
0.0042493079786312653,-50
0.0042499999999998797,-50
0.0042500000000000003,-50
0.0042506894884001651,-50
0.0042506894884002935,50
0.0042999999999998777,50
0.0043,50
0.0043494797413289599,50
0.004349479741329083,-50
0.0043499999999998765,-50
0.0043500000000000006,-50
0.0043505186040849828,-50
0.0043505186040851077,50
0.0043999999999998754,50
0.0044000000000000003,50
0.0044496272296227039,50
0.0044496272296228306,-50
0.0044499999999998733,-50
0.00445,-50
0.0044503717650093474,-50
0.0044503717650094757,50
0.004499999999999873,50
0.0045000000000000005,50
0.0045497503150564956,50
0.0045497503150566257,-50
0.004549999999999871,-50
0.0045500000000000002,-50
0.0045502491329334396,-50
0.0045502491329335697,50
0.004599999999999869,50
0.0045999999999999999,50
0.0046498488936271608,50
0.0046498488936272927,-50
0.0046499999999998686,-50
0.0046500000000000005,-50
0.0046501508461345266,-50
0.0046501508461346602,50
0.0046999999999998666,50
0.0047000000000000002,50
0.004749922885816998,50
0.0047499228858171334,-50
0.0047499999999998646,-50
0.0047499999999999999,-50
0.0047500770192034107,-50
0.0047500770192035477,50
0.0047999999999998643,50
0.0048000000000000004,50
0.0048499722366013177,50
0.0048499722366014547,-50
0.0048499999999998622,-50
0.0048500000000000001,-50
0.0048500277428627147,-50
0.0048500277428628535,50
0.0048999999999998602,50
0.0048999999999999998,50
0.0049499969154315022,50
0.0049499969154316427,-50
0.0049499999999998599,-50
0.0049500000000000004,-50
0.0049500030838074659,-50
0.0049500030838076081,50
0.0049999999999998579,50
0.0050000000000000001,50
0.0050499969161924641,50
0.0050499969161926081,-50
0.0050499999999998576,-50
0.0050500000000000007,-50
0.005050003084568426,-50
0.0050500030845685717,50
0.0050999999999998555,50
0.0051000000000000004,50
0.0051499722571372161,50
0.0051499722571373618,-50
0.0051499999999998535,-50
0.0051500000000000001,-50
0.005150027763398614,-50
0.0051500277633987615,50
0.0051999999999998532,50
0.0052000000000000006,50
0.005249922980796521,50
0.0052499229807966702,-50
0.0052499999999998511,-50
0.0052500000000000003,-50
0.0052500771141829267,-50
0.0052500771141830776,50
0.0052999999999998491,50
0.0053,50
0.0053498491538654077,50
0.0053498491538655603,-50
0.0053499999999998488,-50
0.0053500000000000006,-50
0.0053501511063727639,-50
0.0053501511063729166,50
0.0053999999999998468,50
0.0054000000000000003,50
0.0054497508670664956,50
0.00544975086706665,-50
0.0054499999999998447,-50
0.00545,-50
0.0054502496849434265,-50
0.0054502496849435826,50
0.0054999999999998444,50
0.0055000000000000005,50
0.0055496282349905886,50
0.0055496282349907465,-50
0.0055499999999998424,-50
0.0055500000000000002,-50
0.0055503727703772165,-50
0.0055503727703773761,50
0.0055999999999998403,50
0.0055999999999999999,50
0.0056494813959149558,50
0.0056494813959151171,-50
0.00564999999999984,-50
0.0056500000000000005,-50
0.0056505202586709605,-50
0.0056505202586711219,50
0.005699999999999838,50
0.0057000000000000002,50
0.0057493105115997674,50
0.0057493105115999305,-50
0.0057499999999998368,-50
0.0057499999999999999,-50
0.0057506920213687817,-50
0.0057506920213689465,50
0.0057999999999998357,50
0.0058000000000000005,50
0.0058491157670631285,50
0.0058491157670633211,-50
0.0058499999999998336,-50
0.0058500000000000002,-50
0.0058508879056202575,-50
0.005850887905620451,50
0.0058999999999998325,50
0.0058999999999999999,50
0.0059488973703351686,50
0.0059488973703354176,-50
0.0059499999999998313,-50
0.0059500000000000004,-50
0.0059511077342642845,-50
0.0059511077342645378,50
0.0059999999999998293,50
0.0060000000000000001,50
0.0060486555521916891,50
0.0060486555521918946,-50
0.006049999999999829,-50
0.0060500000000000007,-50
0.0060513513059388471,-50
0.0060513513059390553,50
0.0060999999999998269,50
0.0061000000000000004,50
0.006148390565867844,50
0.0061483905658680981,-50
0.0061499999999998249,-50
0.0061500000000000001,-50
0.0061516183952161829,-50
0.0061516183952164414,50
0.0061999999999998246,50
0.0062000000000000006,50
0.0062481026867525899,50
0.0062481026867527668,-50
0.0062499999999998225,-50
0.0062500000000000003,-50
0.0062519087527651614,-50
0.0062519087527653401,50
0.0062999999999998214,50
0.0063,50
0.006347792212063115,50
0.0063477922120632954,-50
0.0063499999999998202,-50
0.0063500000000000006,-50
0.0063522221055387967,-50
0.0063522221055389788,50
0.0063999999999998182,50
0.0064000000000000003,50
0.0064474594605027236,50
0.0064474594605029075,-50
0.006449999999999817,-50
0.00645,-50
0.0064525581569889467,-50
0.0064525581569891306,50
0.0064999999999998158,50
0.0065000000000000006,50
0.0065471047718993879,50
0.0065471047718995735,-50
0.0065499999999998138,-50
0.0065500000000000003,-50
0.0065529165873063205,-50
0.0065529165873065079,50
0.0065999999999998126,50
0.0066,50
0.0066467285068269547,50
0.0066467285068271438,-50
0.0066499999999998114,-50
0.0066500000000000005,-50
0.0066532970536877624,-50
0.0066532970536879532,50
0.0066999999999998094,50
0.0067000000000000002,50
0.0067463310462096649,50
0.0067463310462098575,-50
0.0067499999999998082,-50
0.0067499999999999999,-50
0.0067536991906288497,-50
0.0067536991906290422,50
0.0067999999999998071,50
0.0068000000000000005,50
0.0068459127909113789,50
0.0068459127909115732,-50
0.0068499999999998059,-50
0.0068500000000000002,-50
0.0068541226102436636,-50
0.0068541226102438596,50
0.0068999999999998047,50
0.0069000000000000008,50
0.0069454741613066973,50
0.006945474161306895,-50
0.0069499999999998027,-50
0.0069500000000000004,-50
0.006954566902609525,-50
0.0069545669026097245,50
0.0069999999999998015,50
0.0070000000000000001,50
0.0070450155968391883,50
0.0070450155968393895,-50
0.0070499999999998003,-50
0.0070500000000000007,-50
0.0070550316361385383,-50
0.0070550316361387396,50
0.0070999999999997983,50
0.0071000000000000004,50
0.0071445375555633187,50
0.0071445375555635217,-50
0.0071499999999997971,-50
0.0071500000000000001,-50
0.0071555163579737659,-50
0.0071555163579739706,50
0.007199999999999796,50
0.0072000000000000007,50
0.0072440405136726324,50
0.0072440405136728388,-50
0.0072499999999997939,-50
0.0072500000000000004,-50
0.0072560205944111576,-50
0.0072560205944113658,50
0.0072999999999997928,50
0.0073000000000000001,50
0.0073435249650147406,50
0.0073435249650149487,-50
0.0073499999999997916,-50
0.0073500000000000006,-50
0.0073565438513476687,-50
0.0073565438513478786,50
0.0073999999999997904,50
0.0074000000000000003,50
0.0074429914205915975,50
0.0074429914205918091,-50
0.0074499999999997884,-50
0.00745,-50
0.0074570856147515427,-50
0.007457085614751756,50
0.0074999999999997872,50
0.0075000000000000006,50
0.0075424404080491761,50
0.0075424404080493912,-50
0.007549999999999786,-50
0.0075500000000000003,-50
0.0075576453511600342,-50
0.007557645351160251,50
0.007599999999999784,50
0.0076,50
0.0076418724711533464,50
0.0076418724711535633,-50
0.0076499999999997828,-50
0.0076500000000000005,-50
0.0076582225081984348,-50
0.0076582225081986534,50
0.0076999999999997817,50
0.0077000000000000002,50
0.0077412881692554046,50
0.007741288169255625,-50
0.0077499999999997796,-50
0.0077499999999999999,-50
0.0077588165151235532,-50
0.0077588165151237752,50
0.0077999999999997785,50
0.0078000000000000005,50
0.00784068807674476,50
0.0078406880767449821,-50
0.0078499999999997773,-50
0.0078500000000000011,-50
0.0078594267833912469,-50
0.0078594267833914724,50
0.007899999999999777,50
0.0079000000000000008,50
0.0079400727824931634,50
0.0079400727824933889,-50
0.007949999999999775,-50
0.0079500000000000005,-50
0.0079600527072436617,-50
0.0079600527072438906,50
0.0079999999999997729,50
0.0080000000000000002,50
0.008039442889287228,50
0.008039442889287457,-50
0.0080499999999997709,-50
0.0080499999999999999,-50
0.0080606936643210034,-50
0.0080606936643212324,50
0.0080999999999997688,50
0.0080999999999999996,50
0.0081387990132518462,50
0.0081387990132520786,-50
0.0081499999999997685,-50
0.008150000000000001,-50
0.0081613490162926444,-50
0.0081613490162928768,50
0.0081999999999997682,50
0.0082000000000000007,50
0.008238141783265077,50
0.0082381417832653129,-50
0.0082499999999997662,-50
0.0082500000000000004,-50
0.0082620181095092136,-50
0.0082620181095094496,50
0.0082999999999997642,50
0.0083000000000000001,50
0.0083374718403625512,50
0.0083374718403627871,-50
0.0083499999999997621,-50
0.0083499999999999998,-50
0.0083627002756748847,-50
0.008362700275675124,50
0.0083999999999997618,50
0.0084000000000000012,50
0.0084367898371366015,50
0.0084367898371368408,-50
0.0084499999999997615,-50
0.0084500000000000009,-50
0.0084633948325375449,-50
0.0084633948325377878,50
0.0084999999999997595,50
0.0085000000000000006,50
0.0085360964371248051,50
0.0085360964371250479,-50
0.0085499999999997574,-50
0.0085500000000000003,-50
0.0085641010845975592,-50
0.008564101084597802,50
0.0085999999999997554,50
0.0086,50
0.0086353923141931806,50
0.0086353923141934269,-50
0.0086499999999997534,-50
0.0086499999999999997,-50
0.0086648183238350607,-50
0.008664818323835307,50
0.0086999999999997531,50
0.0087000000000000011,50
0.0087346781519120429,50
0.0087346781519122927,-50
0.0087499999999997528,-50
0.0087500000000000008,-50
0.0087655458304513843,-50
0.0087655458304516341,50
0.0087999999999997507,50
0.0088000000000000005,50
0.0088339546429249335,50
0.0088339546429251833,-50
0.0088499999999997487,-50
0.0088500000000000002,-50
0.0088662828736279439,-50
0.0088662828736281972,50
0.0088999999999997467,50
0.0088999999999999999,50
0.0089332224883136996,50
0.0089332224883139529,-50
0.0089499999999997446,-50
0.0089499999999999996,-50
0.0089670287122982223,-50
0.008967028712298479,50
0.0089999999999997461,50
0.0090000000000000011,50
0.0090324823969550692,50
0.0090324823969553259,-50
0.009049999999999744,-50
0.0090500000000000008,-50
0.0090677825959353652,-50
0.0090677825959356254,50
0.009099999999999742,50
0.0091000000000000004,50
0.0091317350848753639,50
0.0091317350848756241,-50
0.0091499999999997399,-50
0.0091500000000000001,-50
0.0091685437653499947,-50
0.0091685437653502549,50
0.0091999999999997379,50
0.0091999999999999998,50
0.0092309812745987319,50
0.0092309812745989955,-50
0.0092499999999997376,-50
0.0092500000000000013,-50
0.0092693114535008451,-50
0.0092693114535011088,50
0.0092999999999997373,50
0.009300000000000001,50
0.0093302216944920156,50
0.0093302216944922828,-50
0.0093499999999997353,-50
0.0093500000000000007,-50
0.009370084886316318,-50
0.0093700848863165851,50
0.0093999999999997332,50
0.0094000000000000004,50
0.0094294570781057324,50
0.0094294570781059996,-50
0.0094499999999997312,-50
0.0094500000000000001,-50
0.0094708632835251265,-50
0.0094708632835253971,50
0.0094999999999997291,50
0.0094999999999999998,50
0.0095286881635126171,50
0.0095286881635128877,-50
0.0095499999999997306,-50
0.0095500000000000012,-50
0.0095716458594939276,-50
0.0095716458594942017,50
0.0095999999999997285,50
0.0096000000000000009,50
0.0096279156926413617,50
0.0096279156926417728,-50
0.0096499999999997265,-50
0.0096500000000000006,-50
0.0096724318240747186,-50
0.0096724318240750864,50
0.0096999999999997245,50
0.0097000000000000003,50
0.0097271404106104922,50
0.0097271404106107837,-50
0.0097499999999997224,-50
0.00975,-50
0.0097732203834562364,-50
0.0097732203834566076,50
0.0097999999999997204,50
0.0097999999999999997,50
0.0098263630650591294,50
0.0098263630650594104,-50
0.0098499999999997218,-50
0.0098500000000000011,-50
0.0098740107410216979,-50
0.0098740107410219789,50
0.0098999999999997198,50
0.0099000000000000008,50
0.00992558440547508,50
0.0099255844054753645,-50
0.0099499999999997178,-50
0.0099500000000000005,-50
0.0099748020982089302,-50
0.0099748020982092147,50
0.009999999999999714,50
0.0099999999999999985,50
0.01,50
0.010024805182523695,50
0.01002480518252398,-50
0.010049999999999714,-50
0.01005,-50
0.010075593655374781,-50
0.010075593655375069,50
0.010099999999999715,50
0.010100000000000001,50
0.010124026147375545,50
0.010124026147375833,-50
0.010149999999999713,-50
0.010150000000000001,-50
0.010176384612659179,-50
0.010176384612659472,50
0.010199999999999711,50
0.010200000000000001,50
0.010223248051032417,50
0.010223248051032771,-50
0.010249999999999709,-50
0.01025,-50
0.010277174170851526,-50
0.010277174170851841,50
0.010299999999999707,50
0.0103,50
0.010322471643655063,50
0.01032247164365542,-50
0.010349999999999705,-50
0.01035,-50
0.010377961532254662,-50
0.010377961532254957,50
0.010399999999999706,50
0.010400000000000001,50
0.010421697673891103,50
0.010421697673891402,-50
0.010449999999999704,-50
0.010450000000000001,-50
0.010478745901546948,-50
0.010478745901547246,50
0.010499999999999702,50
0.010500000000000001,50
0.010520926888202707,50
0.010520926888203006,-50
0.0105499999999997,-50
0.01055,-50
0.010579526486641908,-50
0.01057952648664221,50
0.010599999999999698,50
0.0106,50
0.010620160030197303,50
0.010620160030197605,-50
0.010649999999999698,-50
0.01065,-50
0.010680302499542989,-50
0.010680302499543295,50
0.010699999999999698,50
0.010700000000000001,50
0.010719397839959031,50
0.010719397839959337,-50
0.010749999999999696,-50
0.010750000000000001,-50
0.010781073157192241,-50
0.010781073157192546,50
0.010799999999999694,50
0.010800000000000001,50
0.01081864105338203,50
0.010818641053382339,-50
0.010849999999999691,-50
0.01085,-50
0.010881837682313811,-50
0.01088183768231412,50
0.010899999999999689,50
0.0109,50
0.010917890401507617,50
0.010917890401507929,-50
0.010949999999999689,-50
0.01095,-50
0.010982595304248003,-50
0.010982595304248315,50
0.010999999999999689,50
0.011000000000000001,50
0.01101714660986374,50
0.011017146609864055,-50
0.011049999999999687,-50
0.011050000000000001,-50
0.011083345259778088,-50
0.011083345259778403,50
0.011099999999999685,50
0.0111,50
0.011116410397807235,50
0.011116410397807551,-50
0.011149999999999683,-50
0.01115,-50
0.011184086793944519,-50
0.011184086793944838,50
0.011199999999999681,50
0.0112,50
0.011215682477870402,50
0.011215682477870722,-50
0.011249999999999682,-50
0.011250000000000001,-50
0.011284819160852137,-50
0.01128481916085246,50
0.01129999999999968,50
0.011300000000000001,50
0.011314963555113631,50
0.011314963555113954,-50
0.011349999999999678,-50
0.011350000000000001,-50
0.011385541624460413,-50
0.011385541624460736,50
0.011399999999999676,50
0.0114,50
0.011414254326478961,50
0.011414254326479287,-50
0.011449999999999674,-50
0.01145,-50
0.011486253459365657,-50
0.011486253459365983,50
0.011499999999999674,50
0.0115,50
0.011513555480152621,50
0.01151355548015295,-50
0.011549999999999673,-50
0.011550000000000001,-50
0.011586953951564019,-50
0.011586953951564349,50
0.011599999999999671,50
0.011600000000000001,50
0.01161286769493163,50
0.01161286769493196,-50
0.011649999999999669,-50
0.011650000000000001,-50
0.011687642399204407,-50
0.01168764239920474,50
0.011699999999999667,50
0.0117,50
0.011712191639594792,50
0.011712191639595125,-50
0.011749999999999665,-50
0.01175,-50
0.011788318113321252,-50
0.011788318113321589,50
0.011799999999999665,50
0.0118,50
0.011811527972284177,50
0.011811527972284514,-50
0.011849999999999665,-50
0.011850000000000001,-50
0.01188898041855297,-50
0.011888980418553307,50
0.011899999999999663,50
0.011900000000000001,50
0.011910877339889629,50
0.011910877339889969,-50
0.011949999999999661,-50
0.011950000000000001,-50
0.011989628653841719,-50
0.011989628653842059,50
0.011999999999999659,50
0.012,50
0.012010240377442355,50
0.012010240377442699,-50
0.012049999999999658,-50
0.01205,-50
0.012090262173114803,-50
0.012090262173115146,50
0.012099999999999658,50
0.012100000000000001,50
0.01210961770751799,50
0.012109617707518337,-50
0.012149999999999656,-50
0.012150000000000001,-50
0.012190880345946873,-50
0.01219088034594722,50
0.012199999999999654,50
0.012200000000000001,50
0.012209009939644997,50
0.012209009939645344,-50
0.012249999999999652,-50
0.01225,-50
0.012291482558201217,-50
0.012291482558201568,50
0.01229999999999965,50
0.0123,50
0.012308417669723641,50
0.012308417669723992,-50
0.012349999999999649,-50
0.01235,-50
0.012392068212651808,-50
0.012392068212652162,50
0.012399999999999649,50
0.012400000000000001,50
0.012407841479455034,50
0.012407841479455388,-50
0.012449999999999647,-50
0.012450000000000001,-50
0.012492636729583059,-50
0.012492636729583412,50
0.012499999999999645,50
0.012500000000000001,50
0.012507281935778478,50
0.012507281935778835,-50
0.012549999999999643,-50
0.01255,-50
0.012593187547366798,-50
0.012593187547367156,50
0.012599999999999643,50
0.0126,50
0.012606739590319866,50
0.012606739590320227,-50
0.012649999999999641,-50
0.01265,-50
0.012693720123017125,-50
0.012693720123017485,50
0.01269999999999964,50
0.012700000000000001,50
0.01270621497885184,50
0.012706214978852201,-50
0.012749999999999638,-50
0.012750000000000001,-50
0.012794233932724025,-50
0.012794233932724389,50
0.012799999999999636,50
0.012800000000000001,50
0.012805708620762614,50
0.012805708620762978,-50
0.012849999999999634,-50
0.01285,-50
0.012894728472358874,-50
0.012894728472359241,50
0.012899999999999634,50
0.0129,50
0.012905221018540108,50
0.012905221018540476,-50
0.012949999999999634,-50
0.012950000000000001,-50
0.012995203257961175,-50
0.012995203257961543,50
0.012999999999999632,50
0.013000000000000001,50
0.01300475265726669,50
0.013004752657267062,-50
0.01304999999999963,-50
0.013050000000000001,-50
0.013095657826196256,-50
0.013095657826196627,50
0.013099999999999628,50
0.013100000000000001,50
0.013104304004126077,50
0.013104304004126452,-50
0.013149999999999627,-50
0.01315,-50
0.013196091734790057,-50
0.013196091734790432,50
0.013199999999999625,50
0.0132,50
0.013203875507925341,50
0.013203875507925719,-50
0.013249999999999625,-50
0.013250000000000001,-50
0.013296504562939441,-50
0.013296504562939819,50
0.013299999999999623,50
0.013300000000000001,50
0.013303467598629954,50
0.013303467598630332,-50
0.013349999999999621,-50
0.013350000000000001,-50
0.013396895911695145,-50
0.013396895911695527,50
0.013399999999999619,50
0.0134,50
0.013403080686913694,50
0.013403080686914075,-50
0.013449999999999619,-50
0.01345,-50
0.01349726540432109,-50
0.013497265404321475,50
0.013499999999999616,50
0.0135,50
0.013502715163722654,50
0.013502715163723039,-50
0.013549999999999616,-50
0.013550000000000001,-50
0.013597612686624355,-50
0.013597612686624887,50
0.013599999999999614,50
0.013600000000000001,50
0.013602371399856332,50
0.01360237139985686,-50
0.013649999999999612,-50
0.013650000000000001,-50
0.013697937427264923,-50
0.013697937427265381,50
0.013699999999999612,50
0.0137,50
0.013702049745564918,50
0.013702049745565372,-50
0.01374999999999961,-50
0.01375,-50
0.01379823931803111,-50
0.013798239318031504,50
0.013799999999999609,50
0.013800000000000002,50
0.013801750530158972,50
0.013801750530159557,-50
0.013849999999999607,-50
0.013850000000000001,-50
0.013898518074097666,-50
0.01389851807409815,50
0.013899999999999605,50
0.013900000000000001,50
0.013901474061643691,50
0.013901474061644173,-50
0.013949999999999603,-50
0.013950000000000001,-50
0.013998773434250137,-50
0.013998773434250539,50
0.013999999999999603,50
0.014,50
0.014001220626363728,50
0.014001220626364127,-50
0.014049999999999601,-50
0.01405,-50
0.01409900516108728,-50
0.014099005161087683,50
0.014099999999999601,50
0.014100000000000001,50
0.014100990488670381,50
0.014100990488670783,-50
0.014149999999999599,-50
0.014150000000000001,-50
0.01419921304119565,-50
0.014199213041196052,50
0.014199999999999597,50
0.014200000000000001,50
0.014200783890606229,50
0.014200783890606635,-50
0.014249999999999596,-50
0.014250000000000001,-50
0.014299396885298297,-50
0.014299396885298703,50
0.014299999999999594,50
0.0143,50
0.014300601051608795,50
0.014300601051609204,-50
0.014349999999999592,-50
0.01435,-50
0.014399556528377388,-50
0.014399556528377797,50
0.014399999999999592,50
0.014400000000000001,50
0.014400442168234223,50
0.014400442168234632,-50
0.01444999999999959,-50
0.014450000000000001,-50
0.01449969182977091,-50
0.014499691829771323,50
0.014499999999999588,50
0.014500000000000001,50
0.014500307413901086,50
0.014500307413901499,-50
0.014549999999999588,-50
0.01455,-50
0.014599802673243664,-50
0.014599802673244081,50
0.014599999999999586,50
0.0146,50
0.014600196938654901,50
0.014600196938655318,-50
0.014649999999999585,-50
0.014650000000000002,-50
0.014699888967032698,-50
0.014699888967033115,50
0.014699999999999583,50
0.014700000000000001,50
0.0147001108689538,50
0.01470011086895422,-50
0.014749999999999581,-50
0.014750000000000001,-50
0.014799950643867455,-50
0.014799950643867875,50
0.014799999999999581,50
0.014800000000000001,50
0.01480004930747603,50
0.014800049307476453,-50
0.014849999999999579,-50
0.01485,-50
0.01489998766096471,-50
0.014899987660965133,50
0.014899999999999577,50
0.0149,50
0.014900012332948511,50
0.014900012332948935,-50
0.014949999999999576,-50
0.014950000000000001,-50
0.014999999999999573,-50
0.014999999999999999,-50
0.015000000000000001,-50
0.015000000000000428,-50
0.015049999999999572,-50
0.015050000000000001,-50
0.015099987667051274,-50
0.015099987667051704,50
0.015099999999999572,50
0.015100000000000001,50
0.015100012339035079,50
0.015100012339035509,-50
0.01514999999999957,-50
0.01515,-50
0.015199950692523754,-50
0.015199950692524188,50
0.015199999999999568,50
0.0152,50
0.015200049356132329,50
0.015200049356132762,-50
0.015249999999999568,-50
0.015250000000000001,-50
0.015299889131045992,-50
0.015299889131046426,50
0.015299999999999566,50
0.015300000000000001,50
0.015300111032967086,50
0.015300111032967523,-50
0.015349999999999565,-50
0.015350000000000001,-50
0.015399803061344891,-50
0.015399803061345328,50
0.015399999999999563,50
0.0154,50
0.015400197326756116,50
0.015400197326756557,-50
0.015449999999999561,-50
0.01545,-50
0.015499692586098708,-50
0.015499692586099149,50
0.015499999999999559,50
0.0155,50
0.01550030817022887,50
0.015500308170229311,-50
0.015549999999999559,-50
0.015550000000000001,-50
0.015599557831765575,-50
0.015599557831766019,50
0.015599999999999557,50
0.015600000000000001,50
0.015600443471622392,50
0.015600443471622837,-50
0.015649999999999557,-50
0.015650000000000001,-50
0.015699398948391004,-50
0.015699398948391449,50
0.015699999999999555,50
0.015700000000000002,50
0.015700603114701478,50
0.015700603114701929,-50
0.015749999999999553,-50
0.01575,-50
0.015799216109393568,-50
0.015799216109394019,50
0.015799999999999554,50
0.015800000000000002,50
0.015800786958804127,50
0.015800786958804578,-50
0.015849999999999548,-50
0.01585,-50
0.015899009511329418,-50
0.015899009511329869,50
0.01589999999999955,50
0.015900000000000001,50
0.015900994838912497,50
0.015900994838912948,-50
0.015949999999999548,-50
0.015950000000000002,-50
0.015998779373636075,-50
0.015998779373636533,50
0.015999999999999546,50
0.016,50
0.016001226565749635,50
0.016001226565750093,-50
0.016049999999999547,-50
0.016050000000000002,-50
0.016098525938356027,-50
0.016098525938356537,50
0.016099999999999542,50
0.0161,50
0.016101481925902047,50
0.016101481925902564,-50
0.016149999999999543,-50
0.016150000000000001,-50
0.01619824946984064,-50
0.016198249469841258,50
0.016199999999999538,50
0.016199999999999999,50
0.016201760681968495,50
0.016201760681969123,-50
0.016249999999999539,-50
0.016250000000000001,-50
0.016297950254435083,-50
0.016297950254435575,50
0.016299999999999537,50
0.016300000000000002,50
0.016302062572735077,50
0.016302062572735573,-50
0.016349999999999535,-50
0.01635,-50
0.016397628600143006,-50
0.016397628600143571,50
0.016399999999999536,50
0.016400000000000001,50
0.016402387313374969,50
0.016402387313375542,-50
0.016449999999999531,-50
0.016449999999999999,-50
0.016497284836276927,-50
0.016497284836277583,50
0.016499999999999532,50
0.016500000000000001,50
0.01650273459567848,50
0.016502734595679146,-50
0.01654999999999953,-50
0.016550000000000002,-50
0.016596919313086305,-50
0.016596919313086777,50
0.016599999999999528,50
0.0166,50
0.01660310408830443,50
0.016603104088304902,-50
0.01664999999999953,-50
0.016650000000000002,-50
0.016696532401369858,-50
0.016696532401370329,50
0.016699999999999524,50
0.0167,50
0.01670349543706056,50
0.016703495437061039,-50
0.016749999999999526,-50
0.016750000000000001,-50
0.016796124492074235,-50
0.016796124492074713,50
0.016799999999999524,50
0.016800000000000002,50
0.016803908265209944,50
0.016803908265210422,-50
0.016849999999999522,-50
0.01685,-50
0.0168956959958735,-50
0.016895695995873979,50
0.016899999999999523,50
0.016900000000000002,50
0.016904342173803745,50
0.016904342173804224,-50
0.016949999999999518,-50
0.01695,-50
0.016995247342732885,-50
0.016995247342733371,50
0.016999999999999519,50
0.017000000000000001,50
0.017004796742038641,50
0.017004796742039127,-50
0.017049999999999513,-50
0.017049999999999999,-50
0.017094778981459467,-50
0.017094778981459953,50
0.017099999999999515,50
0.017100000000000001,50
0.017105271527640943,50
0.017105271527641429,-50
0.017149999999999516,-50
0.017150000000000002,-50
0.017194291379237385,-50
0.017194291379237871,50
0.017199999999999511,50
0.0172,50
0.017205766067275974,50
0.017205766067276466,-50
0.017249999999999512,-50
0.017250000000000001,-50
0.017293785021148159,-50
0.017293785021148651,50
0.017299999999999507,50
0.017299999999999999,50
0.017306279876982696,50
0.017306279876983188,-50
0.017349999999999508,-50
0.017350000000000001,-50
0.017393260409679711,-50
0.017393260409680204,50
0.017399999999999506,50
0.017400000000000002,50
0.017406812452633202,50
0.017406812452633695,-50
0.017449999999999504,-50
0.01745,-50
0.017492718064221275,-50
0.017492718064221775,50
0.017499999999999506,50
0.017500000000000002,50
0.017507363270416517,50
0.017507363270417017,-50
0.0175499999999995,-50
0.01755,-50
0.017592158520544719,-50
0.017592158520545218,50
0.017599999999999501,50
0.017600000000000001,50
0.017607931787348017,50
0.017607931787348517,-50
0.017649999999999499,-50
0.017650000000000002,-50
0.017691582330276359,-50
0.017691582330276859,50
0.017699999999999497,50
0.0177,50
0.017708517441798532,50
0.017708517441799038,-50
0.017749999999999499,-50
0.017750000000000002,-50
0.017790990060355002,-50
0.017790990060355508,50
0.017799999999999493,50
0.0178,50
0.017809119654052876,50
0.017809119654053383,-50
0.017849999999999495,-50
0.017850000000000001,-50
0.017890382292481837,-50
0.017890382292482344,50
0.017899999999999489,50
0.017899999999999999,50
0.017909737826884771,50
0.017909737826885284,-50
0.017949999999999491,-50
0.017950000000000001,-50
0.017989759622557475,-50
0.017989759622557989,50
0.017999999999999492,50
0.018000000000000002,50
0.018010371346157857,50
0.01801037134615837,-50
0.018049999999999487,-50
0.01805,-50
0.018089122660110372,-50
0.018089122660110885,50
0.018099999999999488,50
0.018100000000000002,50
0.018111019581446609,50
0.018111019581447122,-50
0.018149999999999483,-50
0.018149999999999999,-50
0.018188472027715397,-50
0.018188472027715917,50
0.018199999999999484,50
0.018200000000000001,50
0.018211681886678321,50
0.018211681886678842,-50
0.018249999999999482,-50
0.018250000000000002,-50
0.018287808360405042,-50
0.018287808360405562,50
0.01829999999999948,50
0.0183,50
0.018312357600795168,50
0.018312357600795689,-50
0.018349999999999481,-50
0.018350000000000002,-50
0.01838713230506837,-50
0.018387132305068891,50
0.018399999999999476,50
0.0184,50
0.018413046048435817,50
0.018413046048436344,-50
0.018449999999999477,-50
0.018450000000000001,-50
0.018486444519846955,-50
0.018486444519847482,50
0.018499999999999475,50
0.018500000000000003,50
0.018513746540634344,50
0.018513746540634871,-50
0.018549999999999473,-50
0.018550000000000001,-50
0.018585745673520778,-50
0.018585745673521305,50
0.018599999999999475,50
0.018600000000000002,50
0.018614458375539426,50
0.018614458375539954,-50
0.018649999999999469,-50
0.01865,-50
0.018685036444886369,-50
0.018685036444886904,50
0.018699999999999471,50
0.018700000000000001,50
0.018715180839147864,50
0.018715180839148398,-50
0.018749999999999465,-50
0.018749999999999999,-50
0.018784317522129439,-50
0.018784317522129973,50
0.018799999999999466,50
0.018800000000000001,50
0.018815913206055322,50
0.018815913206055856,-50
0.018849999999999468,-50
0.018850000000000002,-50
0.0188835896021925,-50
0.018883589602193034,50
0.018899999999999462,50
0.0189,50
0.018916654740221642,50
0.018916654740222184,-50
0.018949999999999464,-50
0.018950000000000002,-50
0.018982853390135834,-50
0.018982853390136376,50
0.018999999999999458,50
0.019,50
0.019017404695751573,50
0.019017404695752114,-50
0.01904999999999946,-50
0.019050000000000001,-50
0.019082109598492228,-50
0.019082109598492769,50
0.019099999999999461,50
0.019100000000000002,50
0.01911816231768592,50
0.019118162317686462,-50
0.019149999999999456,-50
0.01915,-50
0.019181358946617971,-50
0.019181358946618519,50
0.019199999999999457,50
0.019200000000000002,50
0.019218926842807488,50
0.019218926842808036,-50
0.019249999999999452,-50
0.01925,-50
0.019280602160040697,-50
0.019280602160041245,50
0.019299999999999453,50
0.019300000000000001,50
0.019319697500456739,50
0.019319697500457287,-50
0.019349999999999451,-50
0.019350000000000003,-50
0.019379839969802547,-50
0.019379839969803095,50
0.019399999999999449,50
0.019400000000000001,50
0.019420473513357666,50
0.019420473513358221,-50
0.01944999999999945,-50
0.019450000000000002,-50
0.019479073111797144,-50
0.019479073111797925,50
0.019499999999999445,50
0.0195,50
0.019521254098452904,50
0.019521254098453636,-50
0.019549999999999446,-50
0.019550000000000001,-50
0.019578302326108406,-50
0.019578302326109027,50
0.019599999999999441,50
0.019599999999999999,50
0.019622038467745191,50
0.019622038467745767,-50
0.019649999999999442,-50
0.019650000000000001,-50
0.01967752835634452,-50
0.01967752835634522,50
0.019699999999999444,50
0.019700000000000002,50
0.019722825829148138,50
0.019722825829148756,-50
0.019749999999999438,-50
0.01975,-50
0.019776751948967376,-50
0.019776751948967938,50
0.01979999999999944,50
0.019800000000000002,50
0.019823615387340541,50
0.019823615387341103,-50
0.019849999999999434,-50
0.01985,-50
0.019875973852624313,-50
0.019875973852624882,50
0.019899999999999436,50
0.019900000000000001,50
0.019924406344624938,50
0.019924406344625507,-50
0.019949999999999437,-50
0.019950000000000002,-50
0.01997519481747588,-50
0.019975194817476449,50
0.019999999999999431,50
0.02,50
